"Status","URL","Appears on","Link Text"
"The requested URL was not found on this server.","file:///Users/klt/Projets/CRandCD/SMRLv6_with_CR11-APs/AP242e2_CD_20151110_linckcheck/iso10303_3001/inserts/part3001tspart3001ts_wg12n8520bom.exp","file:///Users/klt/Projets/CRandCD/SMRLv6_with_CR11-APs/AP242e2_CD_20151110_linckcheck/index.htm",""
"The requested URL was not found on this server.","file:///Users/klt/Projets/CRandCD/SMRLv6_with_CR11-APs/AP242e2_CD_20151110_linckcheck/iso10303_3001/inserts/part3001tspart3001ts_wg12n8519bom.xsd","file:///Users/klt/Projets/CRandCD/SMRLv6_with_CR11-APs/AP242e2_CD_20151110_linckcheck/index.htm",""
"The requested URL was not found on this server.","file:///Users/klt/Projets/CRandCD/SMRLv6_with_CR11-APs/AP242e2_CD_20151110_linckcheck/iso10303_3001/data/application_protocols/managed_model_based_3d_engineering/home.htm","file:///Users/klt/Projets/CRandCD/SMRLv6_with_CR11-APs/AP242e2_CD_20151110_linckcheck/iso10303_3001/data/business_object_models/managed_model_based_3d_engineering/sys/frame_title.htm",""
"The requested URL was not found on this server.","file:///Users/klt/Projets/CRandCD/SMRLv6_with_CR11-APs/AP242e2_CD_20151110_linckcheck/iso10303_3001/data/modules/ap242_managed_model_based_3d_engineering/sys/cover.htm","file:///Users/klt/Projets/CRandCD/SMRLv6_with_CR11-APs/AP242e2_CD_20151110_linckcheck/iso10303_3001/data/business_object_models/managed_model_based_3d_engineering/sys/frame_title.htm",""
"404 not found","http://standards.iso.org/iso/10303/smrl/v6/tech/smrlv6.zip","161 occurrences over more than one page",""
"404 not found","http://standards.iso.org/iso/10303/smrl/v5/tech/implementation_information/-442","file:///Users/klt/Projets/CRandCD/SMRLv6_with_CR11-APs/AP242e2_CD_20151110_linckcheck/iso10303_242/data/application_protocols/managed_model_based_3d_engineering/sys/annex_tech_disc.htm",""
"The requested URL was not found on this server.","file:///Users/klt/Projets/CRandCD/SMRLv6_with_CR11-APs/AP242e2_CD_20151110_linckcheck/iso10303_3001/data/resources/managed_model_based_3d_engineering_bom/managed_model_based_3d_engineering_bom.htm","145 occurrences over more than one page",""
"The requested URL was not found on this server.","file:///Users/klt/Projets/CRandCD/SMRLv6_with_CR11-APs/AP242e2_CD_20151110_linckcheck/iso10303_3001/data/resources/geometry_schema/geometry_schema.htm","13 occurrences over more than one page",""
"The requested URL was not found on this server.","file:///Users/klt/Projets/CRandCD/SMRLv6_with_CR11-APs/AP242e2_CD_20151110_linckcheck/iso10303_3001/data/resources/aic_advanced_brep/aic_advanced_brep.htm","file:///Users/klt/Projets/CRandCD/SMRLv6_with_CR11-APs/AP242e2_CD_20151110_linckcheck/iso10303_3001/data/business_object_models/managed_model_based_3d_engineering/sys/4_info_reqs.htm",""
"The requested URL was not found on this server.","file:///Users/klt/Projets/CRandCD/SMRLv6_with_CR11-APs/AP242e2_CD_20151110_linckcheck/iso10303_3001/data/resources/aic_csg/aic_csg.htm","file:///Users/klt/Projets/CRandCD/SMRLv6_with_CR11-APs/AP242e2_CD_20151110_linckcheck/iso10303_3001/data/business_object_models/managed_model_based_3d_engineering/sys/4_info_reqs.htm",""
"The requested URL was not found on this server.","file:///Users/klt/Projets/CRandCD/SMRLv6_with_CR11-APs/AP242e2_CD_20151110_linckcheck/iso10303_3001/data/resources/aic_curve_swept_solid/aic_curve_swept_solid.htm","file:///Users/klt/Projets/CRandCD/SMRLv6_with_CR11-APs/AP242e2_CD_20151110_linckcheck/iso10303_3001/data/business_object_models/managed_model_based_3d_engineering/sys/4_info_reqs.htm",""
"The requested URL was not found on this server.","file:///Users/klt/Projets/CRandCD/SMRLv6_with_CR11-APs/AP242e2_CD_20151110_linckcheck/iso10303_3001/data/resources/aic_edge_based_wireframe/aic_edge_based_wireframe.htm","file:///Users/klt/Projets/CRandCD/SMRLv6_with_CR11-APs/AP242e2_CD_20151110_linckcheck/iso10303_3001/data/business_object_models/managed_model_based_3d_engineering/sys/4_info_reqs.htm",""
"The requested URL was not found on this server.","file:///Users/klt/Projets/CRandCD/SMRLv6_with_CR11-APs/AP242e2_CD_20151110_linckcheck/iso10303_3001/data/resources/aic_elementary_brep/aic_elementary_brep.htm","file:///Users/klt/Projets/CRandCD/SMRLv6_with_CR11-APs/AP242e2_CD_20151110_linckcheck/iso10303_3001/data/business_object_models/managed_model_based_3d_engineering/sys/4_info_reqs.htm",""
"The requested URL was not found on this server.","file:///Users/klt/Projets/CRandCD/SMRLv6_with_CR11-APs/AP242e2_CD_20151110_linckcheck/iso10303_3001/data/resources/aic_faceted_brep/aic_faceted_brep.htm","file:///Users/klt/Projets/CRandCD/SMRLv6_with_CR11-APs/AP242e2_CD_20151110_linckcheck/iso10303_3001/data/business_object_models/managed_model_based_3d_engineering/sys/4_info_reqs.htm",""
"The requested URL was not found on this server.","file:///Users/klt/Projets/CRandCD/SMRLv6_with_CR11-APs/AP242e2_CD_20151110_linckcheck/iso10303_3001/data/resources/aic_geometrically_bounded_surface/aic_geometrically_bounded_surface.htm","file:///Users/klt/Projets/CRandCD/SMRLv6_with_CR11-APs/AP242e2_CD_20151110_linckcheck/iso10303_3001/data/business_object_models/managed_model_based_3d_engineering/sys/4_info_reqs.htm",""
"The requested URL was not found on this server.","file:///Users/klt/Projets/CRandCD/SMRLv6_with_CR11-APs/AP242e2_CD_20151110_linckcheck/iso10303_3001/data/resources/aic_geometrically_bounded_wireframe/aic_geometrically_bounded_wireframe.htm","file:///Users/klt/Projets/CRandCD/SMRLv6_with_CR11-APs/AP242e2_CD_20151110_linckcheck/iso10303_3001/data/business_object_models/managed_model_based_3d_engineering/sys/4_info_reqs.htm",""
"The requested URL was not found on this server.","file:///Users/klt/Projets/CRandCD/SMRLv6_with_CR11-APs/AP242e2_CD_20151110_linckcheck/iso10303_3001/data/resources/aic_manifold_surface/aic_manifold_surface.htm","file:///Users/klt/Projets/CRandCD/SMRLv6_with_CR11-APs/AP242e2_CD_20151110_linckcheck/iso10303_3001/data/business_object_models/managed_model_based_3d_engineering/sys/4_info_reqs.htm",""
"The requested URL was not found on this server.","file:///Users/klt/Projets/CRandCD/SMRLv6_with_CR11-APs/AP242e2_CD_20151110_linckcheck/iso10303_3001/data/resources/aic_shell_based_wireframe/aic_shell_based_wireframe.htm","file:///Users/klt/Projets/CRandCD/SMRLv6_with_CR11-APs/AP242e2_CD_20151110_linckcheck/iso10303_3001/data/business_object_models/managed_model_based_3d_engineering/sys/4_info_reqs.htm",""
"The requested URL was not found on this server.","file:///Users/klt/Projets/CRandCD/SMRLv6_with_CR11-APs/AP242e2_CD_20151110_linckcheck/iso10303_3001/data/resources/topology_schema/topology_schema.htm","file:///Users/klt/Projets/CRandCD/SMRLv6_with_CR11-APs/AP242e2_CD_20151110_linckcheck/iso10303_3001/data/business_object_models/managed_model_based_3d_engineering/sys/4_info_reqs.htm",""
"The requested URL was not found on this server.","file:///Users/klt/Projets/CRandCD/SMRLv6_with_CR11-APs/AP242e2_CD_20151110_linckcheck/iso10303_3001/data/modules/ply_orientation_specification/sys/4_info_reqs.htm","2 occurrences over more than one page",""
"The requested URL was not found on this server.","file:///Users/klt/Projets/CRandCD/SMRLv6_with_CR11-APs/AP242e2_CD_20151110_linckcheck/iso10303_3001/data/modules/ap242_managed_model_based_3d_engineering/sys/4_info_reqs.htm","file:///Users/klt/Projets/CRandCD/SMRLv6_with_CR11-APs/AP242e2_CD_20151110_linckcheck/iso10303_3001/data/business_object_models/managed_model_based_3d_engineering/sys/5_main.htm",""
"The requested URL was not found on this server.","file:///Users/klt/Projets/CRandCD/SMRLv6_with_CR11-APs/AP242e2_CD_20151110_linckcheck/iso10303_3001/data/business_object_models/managed_model_based_3d_engineering/data_plan_intro1.htm","file:///Users/klt/Projets/CRandCD/SMRLv6_with_CR11-APs/AP242e2_CD_20151110_linckcheck/iso10303_3001/data/business_object_models/managed_model_based_3d_engineering/sys/annex_bom_expg.htm",""
"404 not found","http://standards.iso.org/iso/10303/smrl/v6/tech/xsd.zip","2 occurrences over more than one page",""
"404 not found","http://standards.iso.org/iso/10303/smrl/v6/tech/xml.zip","2 occurrences over more than one page",""
"The requested URL was not found on this server.","file:///Users/klt/Projets/CRandCD/SMRLv6_with_CR11-APs/AP242e2_CD_20151110_linckcheck/iso10303_242/data/resources/managed_model_based_3d_engineering_bom/managed_model_based_3d_engineering_bom.htm","145 occurrences over more than one page",""
"The requested URL was not found on this server.","file:///Users/klt/Projets/CRandCD/SMRLv6_with_CR11-APs/AP242e2_CD_20151110_linckcheck/iso10303_3001/data/business_object_models/managed_model_based_3d_engineering","65 occurrences over more than one page",""
"404 not found","http://standards.iso.org/iso/10303/tech/short_names/short_names.txt","265 occurrences over more than one page",""
"The requested URL was not found on this server.","file:///Users/klt/Projets/CRandCD/SMRLv6_with_CR11-APs/AP242e2_CD_20151110_linckcheck/iso10303_242/data/business_object_models/managed_model_based_3d_engineering/data_plan_intro1.htm","file:///Users/klt/Projets/CRandCD/SMRLv6_with_CR11-APs/AP242e2_CD_20151110_linckcheck/iso10303_242/data/business_object_models/managed_model_based_3d_engineering/sys/annex_bom_expg.htm",""
"The requested URL was not found on this server.","file:///Users/klt/Projets/CRandCD/SMRLv6_with_CR11-APs/AP242e2_CD_20151110_linckcheck/iso10303_242/data/modules/product_and_manufacturing_information_view_context/sys/1_scope.htm","file:///Users/klt/Projets/CRandCD/SMRLv6_with_CR11-APs/AP242e2_CD_20151110_linckcheck/iso10303_242/data/modules/product_and_manufacturing_information_with_nominal_3d_models/sys/1_scope.htm",""
"The requested URL was not found on this server.","file:///Users/klt/Projets/CRandCD/SMRLv6_with_CR11-APs/AP242e2_CD_20151110_linckcheck/iso10303_242/data/business_object_models/managed_model_based_3d_engineering","65 occurrences over more than one page",""
"404 not found","http://standards.iso.org/iso/10303/smrl/v5/tech/smrlv5.zip","75 occurrences over more than one page",""
"404 not found","http://www.tc184-sc4.org/Short_Names","194 occurrences over more than one page",""
"404 not found","http://www.tc184-sc4.org/EXPRESS","129 occurrences over more than one page",""
"404 not found","http://www.pdm-if.org/pdm_schema","file:///Users/klt/Projets/CRandCD/SMRLv6_with_CR11-APs/AP242e2_CD_20151110_linckcheck/iso10303_242/data/modules/product_data_management/sys/f_guide.htm",""
"The requested URL was not found on this server.","file:///Users/klt/Projets/CRandCD/SMRLv6_with_CR11-APs/AP242e2_CD_20151110_linckcheck/iso10303_242/data/modules/altered_part/sys/4_info_reqs.htm","4 occurrences over more than one page",""
"The requested URL was not found on this server.","file:///Users/klt/Projets/CRandCD/SMRLv6_with_CR11-APs/AP242e2_CD_20151110_linckcheck/iso10303_242/data/modules/altered_part/sys/1_scope.htm","file:///Users/klt/Projets/CRandCD/SMRLv6_with_CR11-APs/AP242e2_CD_20151110_linckcheck/iso10303_242/data/modules/assembly_functional_interface_requirement/sys/1_scope.htm",""
"The requested URL was not found on this server.","file:///Users/klt/Projets/CRandCD/SMRLv6_with_CR11-APs/AP242e2_CD_20151110_linckcheck/iso10303_242/data/modules/altered_part/sys/5_mim.htm","file:///Users/klt/Projets/CRandCD/SMRLv6_with_CR11-APs/AP242e2_CD_20151110_linckcheck/iso10303_242/data/modules/assembly_functional_interface_requirement/sys/5_mim.htm",""
"The requested URL was not found on this server.","file:///Users/klt/Projets/CRandCD/SMRLv6_with_CR11-APs/AP242e2_CD_20151110_linckcheck/iso10303_242/data/modules/altered_part/mimexpg1.htm","file:///Users/klt/Projets/CRandCD/SMRLv6_with_CR11-APs/AP242e2_CD_20151110_linckcheck/iso10303_242/data/modules/assembly_functional_interface_requirement/mimexpg1.htm",""
"The requested URL was not found on this server.","file:///Users/klt/Projets/CRandCD/SMRLv6_with_CR11-APs/AP242e2_CD_20151110_linckcheck/iso10303_242/data/modules/altered_part/sys/e_exp_arm.htm","file:///Users/klt/Projets/CRandCD/SMRLv6_with_CR11-APs/AP242e2_CD_20151110_linckcheck/iso10303_242/data/modules/assembly_functional_interface_requirement/sys/e_exp_arm.htm",""
"The requested URL was not found on this server.","file:///Users/klt/Projets/CRandCD/SMRLv6_with_CR11-APs/AP242e2_CD_20151110_linckcheck/iso10303_242/data/modules/altered_part/sys/e_exp_mim.htm","file:///Users/klt/Projets/CRandCD/SMRLv6_with_CR11-APs/AP242e2_CD_20151110_linckcheck/iso10303_242/data/modules/assembly_functional_interface_requirement/sys/e_exp_mim.htm",""
